individualID,ceradsc
R1042011,4.0
R1105988,2.0
R1218460,4.0
R1262106,1.0
R1287407,1.0
R1407047,4.0
R1489314,1.0
R1531359,1.0
R1617674,2.0
R1660726,4.0
R1687970,2.0
R1710143,1.0
R1743384,4.0
R1822146,2.0
R1924801,4.0
R2045909,4.0
R2079629,2.0
R2111091,2.0
R2237803,3.0
R2373966,3.0
R2455930,3.0
R2494273,4.0
R2516394,1.0
R2543886,4.0
R2575548,1.0
R2624931,1.0
R2645096,2.0
R2678902,2.0
R2716798,1.0
R2721311,1.0
R2731324,1.0
R2731764,2.0
R2803490,1.0
R2880377,4.0
R2881301,4.0
R3008520,2.0
R3143439,4.0
R3176125,4.0
R3257830,1.0
R3368249,4.0
R3408213,2.0
R3477250,2.0
R3535957,2.0
R3739042,1.0
R3740754,2.0
R3741788,1.0
R3757880,1.0
R3811781,4.0
R3874626,2.0
R3922205,3.0
R3978789,4.0
R4119160,2.0
R4147686,1.0
R4260171,4.0
R4276053,2.0
R4527133,4.0
R4531942,2.0
R4641987,4.0
R4917253,2.0
R5177066,2.0
R5211056,1.0
R5234179,3.0
R5334541,2.0
R5369295,2.0
R5374583,4.0
R5449861,2.0
R5541746,4.0
R5546461,1.0
R5656511,4.0
R5739959,3.0
R5766881,2.0
R5789564,2.0
R5850046,4.0
R5907586,3.0
R5927382,4.0
R5965031,1.0
R5973191,3.0
R6001210,3.0
R6058053,4.0
R6108690,4.0
R6114572,2.0
R6132310,2.0
R6231758,4.0
R6267541,4.0
R6292415,4.0
R6392007,4.0
R6476704,2.0
R6665276,4.0
R6698302,3.0
R6743664,4.0
R6751504,4.0
R6759986,2.0
R6765868,3.0
R6847727,2.0
R6862468,1.0
R6879714,4.0
R7025378,1.0
R7143693,4.0
R7295303,2.0
R7325259,4.0
R7483736,3.0
R7738727,2.0
R7791442,2.0
R7796947,3.0
R7876628,2.0
R7881801,1.0
R7911202,4.0
R7915228,4.0
R7959406,1.0
R8044591,3.0
R8155560,3.0
R8293796,3.0
R8444624,2.0
R8457289,1.0
R8466373,3.0
R8626395,2.0
R8704458,2.0
R8724814,1.0
R8759568,4.0
R8774534,4.0
R8845676,2.0
R8937093,2.0
R8963331,1.0
R9072353,4.0
R9088015,2.0
R9101940,3.0
R9127940,4.0
R9286126,2.0
R9330569,4.0
R9354381,1.0
R9419876,4.0
R9489952,2.0
R9596785,2.0
R9598418,3.0
R9680160,1.0
R9781891,2.0
R9904978,3.0
R9936070,2.0
